mesh_code,daytime_population
533924853,136
533924854,292
533924863,519
533924864,858
533924873,512
533924874,719
533924883,774
533924884,475
533924893,778
533924894,948
533924951,157
533924952,2669
533924953,250
533924954,1256
533924961,1184
533924962,1093
533924963,634
533924964,893
533924971,659
533924972,418
533924973,1004
533924974,843
533924981,178
533924982,697
533924983,514
533924984,752
533924991,489
533924992,358
533924993,650
533924994,671
533925803,1218
533925804,952
533925813,716
533925814,309
533925823,927
533925824,5841
533925833,12196
533925834,569
533925843,941
533925844,1394
533925853,1184
533925854,1691
533925863,5243
533925864,1156
533925873,1044
533925874,2357
533925883,2034
533925884,2033
533925893,314
533925901,1044
533925902,892
533925903,646
533925904,754
533925911,2885
533925912,2022
533925913,3615
533925914,3034
533925921,2651
533925922,14913
533925923,1461
533925924,2793
533925931,1688
533925932,237
533925933,1470
533925934,491
533925941,1563
533925942,642
533925943,769
533925944,1185
533925951,241
533925952,1610
533925953,760
533925954,1895
533925961,1596
533925962,700
533925963,1181
533925964,159
533925971,2383
533925972,1448
533925973,963
533925974,2232
533925981,1532
533925982,2334
533925983,1800
533925984,1209
533925991,1076
533925993,3193
533934051,376
533934052,475
533934053,627
533934054,658
533934061,1355
533934062,1869
533934063,1518
533934064,700
533934071,1520
533934072,776
533934073,1751
533934074,1434
533934081,865
533934082,587
533934083,955
533934084,326
533934091,421
533934092,1279
533934093,543
533934094,644
533934151,369
533934152,700
533934153,529
533934154,764
533934161,191
533934162,252
533934163,553
533934164,310
533934171,548
533934172,680
533934173,578
533934174,542
533934181,1307
533934182,555
533934183,738
533934184,4155
533934191,2056
533934192,4767
533934193,9084
533934194,3250
533934251,190
533934252,662
533934253,133
533934254,36
533934261,377
533934262,732
533934263,164
533934264,118
533934271,301
533934272,336
533934273,58
533934274,527
533934281,654
533934282,3601
533934283,156
533934284,1451
533934291,5779
533934292,728
533934293,1098
533934294,951
533934351,137
533934352,317
533934353,2049
533934354,630
533934361,783
533934362,628
533934363,1041
533934364,496
533934371,1361
533934372,923
533934373,275
533934374,510
533934381,1642
533934382,1569
533934383,1198
533934384,347
533934391,824
533934392,28
533934393,2
533934394,658
533934451,3020
533934452,3783
533934453,808
533934454,669
533934461,689
533934462,249
533934463,946
533934464,212
533934471,18
533934472,53
533934473,281
533934474,1034
533934481,181
533934482,479
533934483,427
533934484,816
533934491,916
533934492,1525
533934493,440
533934494,327
533934551,1256
533934552,691
533934553,175
533934554,160
533934561,281
533934562,287
533934563,2602
533934564,782
533934571,742
533934572,303
533934573,524
533934574,463
533934581,552
533934582,237
533934583,951
533934584,276
533934591,410
533934592,147
533934593,149
533934594,719
533934651,274
533934652,392
533934653,405
533934654,857
533934661,1931
533934662,1004
533934663,630
533934664,450
533934671,1730
533934672,768
533934673,780
533934674,4499
533934681,889
533934682,1111
533934683,1427
533934684,819
533934691,1361
533934692,1457
533934693,331
533934694,823
533934751,2224
533934752,1123
533934753,2085
533934754,359
533934761,443
533934762,259
533934763,641
533934764,295
533934771,79
533934772,456
533934773,560
533934774,723
533934781,1820
533934782,2206
533934783,189
533934784,588
533934791,1283
533934792,546
533934793,351
533934794,3288
533934851,623
533934852,496
533934853,1504
533934854,1195
533934861,160
533934862,401
533934863,943
533934864,474
533934871,634
533934872,624
533934873,964
533934874,387
533934881,167
533934882,674
533934883,432
533934884,887
533934891,1744
533934892,575
533934893,992
533934894,1120
533934951,1453
533934952,1196
533934953,342
533934954,89
533934961,1931
533934962,4794
533934963,275
533934964,1484
533934971,557
533934972,281
533934973,913
533934974,325
533934981,310
533934982,1149
533934983,987
533934984,816
533934991,1260
533934992,1260
533934993,433
533934994,639
533935001,3526
533935002,1337
533935003,1485
533935004,598
533935011,7329
533935012,588
533935013,1398
533935014,367
533935021,274
533935022,367
533935023,90
533935024,8
533935031,138
533935032,401
533935033,172
533935034,689
533935041,475
533935042,1386
533935043,2445
533935044,624
533935051,625
533935052,2281
533935053,290
533935054,1226
533935061,1700
533935062,774
533935063,700
533935064,1107
533935071,315
533935072,898
533935073,549
533935074,569
533935081,7037
533935082,6754
533935083,19133
533935084,16934
533935091,3477
533935093,37
533935101,429
533935102,1649
533935103,834
533935104,2991
533935111,1524
533935112,172
533935113,385
533935114,717
533935121,366
533935122,202
533935123,1426
533935124,238
533935131,181
533935132,608
533935133,1417
533935134,802
533935141,2672
533935142,1334
533935143,372
533935144,1129
533935151,1609
533935152,960
533935153,877
533935154,357
533935161,1168
533935162,1037
533935163,3389
533935164,1325
533935171,1074
533935172,719
533935173,851
533935174,805
533935181,611
533935182,3444
533935183,1128
533935184,876
533935191,605
533935193,1181
533935201,581
533935202,104
533935203,102
533935204,179
533935211,519
533935212,316
533935213,166
533935214,1055
533935221,618
533935222,796
533935223,2319
533935224,643
533935231,1002
533935232,1395
533935233,5319
533935234,4800
533935241,414
533935242,252
533935243,553
533935244,4750
533935251,432
533935252,1968
533935253,651
533935254,1109
533935261,1227
533935262,2178
533935263,2455
533935264,1370
533935271,1634
533935272,1733
533935273,1782
533935274,1212
533935281,1677
533935282,2988
533935283,4884
533935284,14360
533935291,2713
533935293,2275
533935301,15821
533935302,945
533935303,7137
533935304,704
533935311,886
533935312,1540
533935313,938
533935314,1402
533935321,934
533935322,420
533935323,676
533935324,1834
533935331,2577
533935332,2953
533935333,1918
533935334,795
533935341,720
533935342,1472
533935343,1406
533935344,774
533935351,1554
533935352,2177
533935353,657
533935354,1991
533935361,6047
533935362,1805
533935363,1525
533935364,2607
533935371,3064
533935372,682
533935373,2905
533935374,1143
533935381,2749
533935382,1673
533935383,9752
533935384,2723
533935391,3786
533935393,2564
533935401,882
533935402,1030
533935403,1214
533935404,1861
533935411,739
533935412,286
533935413,1439
533935414,876
533935421,1225
533935422,491
533935423,596
533935424,968
533935431,524
533935432,1447
533935433,401
533935434,546
533935441,3751
533935442,762
533935443,585
533935444,2375
533935451,867
533935452,903
533935453,910
533935454,1419
533935461,3935
533935462,1776
533935463,952
533935464,1585
533935471,5068
533935472,1867
533935473,4641
533935474,23876
533935481,36241
533935482,14810
533935483,34867
533935484,11045
533935491,2990
533935493,8974
533935501,1864
533935502,10507
533935503,663
533935504,1011
533935511,3392
533935512,1249
533935513,3182
533935514,2258
533935521,853
533935522,1422
533935523,1506
533935524,3041
533935531,2169
533935532,840
533935533,490
533935534,1000
533935541,879
533935542,2800
533935543,419
533935544,2840
533935551,2326
533935552,1992
533935553,2167
533935554,990
533935561,283
533935562,1701
533935563,1105
533935564,5304
533935571,6480
533935572,24244
533935573,9280
533935574,1793
533935581,16071
533935582,9042
533935583,4325
533935584,5219
533935591,42008
533935593,26739
533935601,1455
533935602,408
533935603,520
533935604,989
533935611,1125
533935612,788
533935613,1434
533935614,885
533935621,647
533935622,1241
533935623,793
533935624,764
533935631,2277
533935632,771
533935633,3346
533935634,2208
533935641,540
533935642,346
533935643,900
533935644,870
533935651,2206
533935652,1109
533935653,1333
533935654,3063
533935661,885
533935662,5348
533935663,2799
533935664,1299
533935671,18750
533935672,2983
533935673,2986
533935674,2019
533935681,1159
533935682,3486
533935683,3664
533935684,1418
533935691,2841
533935693,8324
533935701,620
533935702,721
533935703,902
533935704,2777
533935711,351
533935712,1890
533935713,447
533935714,385
533935721,2600
533935722,2092
533935723,3892
533935724,809
533935731,1472
533935732,14187
533935733,749
533935734,1217
533935741,2296
533935742,2779
533935743,3134
533935744,1848
533935751,1086
533935752,8960
533935753,5277
533935754,6512
533935761,5560
533935762,9932
533935763,7881
533935764,25036
533935771,17707
533935772,1975
533935773,16613
533935774,4430
533935781,2542
533935782,8266
533935783,2684
533935784,2582
533935791,12685
533935793,6027
533935801,238
533935802,3492
533935803,977
533935804,572
533935811,2198
533935812,1223
533935813,539
533935814,1328
533935821,460
533935822,672
533935823,3004
533935824,629
533935831,1309
533935832,1119
533935833,1531
533935834,623
533935841,1283
533935842,7103
533935843,894
533935844,1385
533935851,6728
533935852,5095
533935853,5037
533935854,54065
533935861,6343
533935862,6919
533935863,35444
533935864,13875
533935871,3379
533935872,4971
533935873,2997
533935874,2620
533935881,1526
533935882,3193
533935883,1738
533935884,6555
533935891,4634
533935893,5951
533935901,356
533935902,1257
533935903,610
533935904,481
533935911,676
533935912,131
533935913,2197
533935914,551
533935921,1041
533935922,908
533935923,549
533935924,720
533935931,5140
533935932,2011
533935933,2428
533935934,1225
533935941,1052
533935942,2025
533935943,1123
533935944,1123
533935951,2777
533935952,33085
533935953,5070
533935954,17148
533935961,52615
533935962,17342
533935963,17644
533935964,18491
533935971,8863
533935972,5737
533935973,9858
533935974,465
533935981,26257
533935982,8448
533935983,15589
533935984,10279
533935991,4290
533935993,33546
533944051,350
533944052,525
533944053,505
533944054,801
533944061,802
533944062,411
533944063,291
533944064,688
533944071,582
533944072,2496
533944073,590
533944074,1134
533944081,4337
533944082,1158
533944083,1065
533944084,1020
533944091,3204
533944092,1558
533944093,2192
533944094,678
533944151,4950
533944152,675
533944153,1219
533944154,805
533944161,384
533944162,182
533944163,777
533944164,581
533944171,680
533944172,454
533944173,432
533944174,1709
533944181,393
533944182,256
533944183,214
533944184,1430
533944191,1817
533944192,413
533944193,735
533944194,480
533944251,3335
533944252,1191
533944253,2321
533944254,2214
533944261,548
533944262,376
533944263,827
533944264,275
533944271,554
533944272,884
533944273,350
533944274,983
533944281,471
533944282,742
533944283,714
533944284,969
533944291,1507
533944292,1546
533944293,3377
533944294,590
533944351,881
533944352,581
533944353,1154
533944354,279
533944361,429
533944362,275
533944363,274
533944364,742
533944371,766
533944372,482
533944373,1048
533944374,1167
533944381,917
533944382,1040
533944383,395
533944384,385
533944391,661
533944392,366
533944393,479
533944394,337
533944451,2043
533944452,863
533944453,4988
533944454,1105
533944461,13009
533944462,4859
533944463,11845
533944464,3805
533944471,437
533944472,2628
533944473,693
533944474,1515
533944481,2669
533944482,634
533944483,2074
533944484,606
533944491,3341
533944492,4454
533944493,3872
533944494,8171
533945001,1300
533945002,2284
533945003,269
533945004,337
533945011,1663
533945012,2203
533945013,425
533945014,1274
533945021,2732
533945022,880
533945023,1450
533945024,3043
533945031,388
533945032,785
533945033,5320
533945034,4991
533945041,3619
533945042,3232
533945043,1060
533945044,2975
533945051,4161
533945053,1359
533945061,8014
533945062,9218
533945063,3106
533945064,12869
533945071,15364
533945072,2515
533945073,9822
533945074,16412
533945081,7305
533945082,6520
533945083,19437
533945084,28867
533945091,41390
533945093,34977
533945101,138
533945102,817
533945103,1627
533945104,1773
533945111,1961
533945112,1522
533945113,900
533945114,1018
533945121,446
533945122,2411
533945123,637
533945124,1346
533945131,1414
533945132,4690
533945133,464
533945134,860
533945141,5163
533945142,2030
533945143,1675
533945144,21519
533945151,1310
533945152,647
533945153,10047
533945154,4147
533945161,4132
533945162,10683
533945163,17169
533945164,6572
533945171,180
533945172,1347
533945173,5678
533945174,5299
533945181,78
533945182,26206
533945183,675
533945184,29439
533945191,12072
533945193,21568
533945201,1084
533945202,186
533945203,542
533945204,278
533945211,139
533945212,438
533945213,464
533945214,282
533945221,1765
533945222,2317
533945223,1069
533945224,1688
533945231,1718
533945232,1370
533945233,2108
533945234,1829
533945241,669
533945242,3571
533945243,2189
533945244,6377
533945251,21431
533945252,31301
533945253,45765
533945254,52585
533945261,27162
533945262,41
533945263,36016
533945264,27277
533945271,2793
533945272,4993
533945273,14848
533945274,9119
533945281,12436
533945282,31262
533945283,11102
533945284,19111
533945291,25543
533945293,7960
533945301,225
533945302,567
533945303,267
533945304,4779
533945311,736
533945312,680
533945313,1504
533945314,2714
533945321,1101
533945322,832
533945323,2199
533945324,1891
533945331,1496
533945332,2137
533945333,3008
533945334,4088
533945341,1495
533945342,2435
533945343,3783
533945344,12946
533945351,57978
533945352,82305
533945353,17724
533945354,20058
533945361,22358
533945362,15618
533945363,10206
533945364,15927
533945371,3986
533945372,6132
533945373,1812
533945374,6384
533945381,15309
533945382,7423
533945383,2042
533945384,3429
533945391,19480
533945393,5017
533945401,1200
533945402,3741
533945403,462
533945404,3694
533945411,604
533945412,3037
533945413,2455
533945414,4069
533945421,3063
533945422,1134
533945423,5057
533945424,9254
533945431,4782
533945432,1583
533945433,12110
533945434,1493
533945441,1301
533945442,2898
533945443,630
533945444,4139
533945451,1048
533945452,6185
533945453,1808
533945454,3979
533945461,3950
533945462,7502
533945463,5769
533945464,3289
533945471,5665
533945472,1611
533945473,1273
533945474,14294
533945481,808
533945482,5234
533945483,6847
533945484,4273
533945491,19214
533945493,7281
